{
  "model": "facebook/hubert-base-ls960",
  "fine_tuning_type": "Frozen encoder + classifier only",
  "augmentation": "carhorn",
  "config": {
    "random_seed": 42,
    "dataset_path": "/home/staru/audio_aug/aug_carhorn_audio",
    "sr": 16000,
    "max_duration": 10.0,
    "train_split": 0.8,
    "val_split": 0.1,
    "test_split": 0.1,
    "batch_size": 8,
    "epochs": 30,
    "learning_rate": 2e-05,
    "max_length": 160000,
    "hubert_model": "facebook/hubert-base-ls960",
    "device": "cuda"
  },
  "emotions": [
    "Anger",
    "Disgust",
    "Fear",
    "Happy",
    "Sad",
    "Neutral"
  ],
  "test_accuracy": 0.7098765432098766,
  "test_loss": 1.3585891034271496,
  "metrics": {
    "Emotion": {
      "0": "Anger",
      "1": "Disgust",
      "2": "Fear",
      "3": "Happy",
      "4": "Sad",
      "5": "Neutral"
    },
    "Precision": {
      "0": 0.9848484848484849,
      "1": 0.6796875,
      "2": 0.8380281690140845,
      "3": 0.5374449339207048,
      "4": 0.6538461538461539,
      "5": 0.9692307692307692
    },
    "Recall": {
      "0": 0.48148148148148145,
      "1": 0.6444444444444445,
      "2": 0.8814814814814815,
      "3": 0.9037037037037037,
      "4": 0.8814814814814815,
      "5": 0.4666666666666667
    },
    "F1-Score": {
      "0": 0.6467661691542289,
      "1": 0.6615969581749049,
      "2": 0.8592057761732852,
      "3": 0.6740331491712708,
      "4": 0.750788643533123,
      "5": 0.63
    },
    "Support": {
      "0": 135,
      "1": 135,
      "2": 135,
      "3": 135,
      "4": 135,
      "5": 135
    }
  },
  "confusion_matrix": [
    [
      65,
      15,
      6,
      48,
      1,
      0
    ],
    [
      1,
      87,
      8,
      23,
      14,
      2
    ],
    [
      0,
      1,
      119,
      3,
      12,
      0
    ],
    [
      0,
      3,
      3,
      122,
      7,
      0
    ],
    [
      0,
      3,
      6,
      7,
      119,
      0
    ],
    [
      0,
      19,
      0,
      24,
      29,
      63
    ]
  ],
  "total_parameters": 94570118,
  "trainable_parameters": 94570118,
  "frozen_parameters": 0
}